context_id,shared,size_band,chunks,enqa_questions,enmc_questions,already_indexed,enqa_result_exists,enmc_result_exists,already_paid,selection_reason,estimated_incremental_index_cost_eur
0015d8eabb811f45,True,medium,439,5,4,False,True,True,True,existing_artifact,0.0
004eae0d03f806e8,True,small,208,5,4,True,True,False,True,existing_artifact,0.0
0bec916936a55899,True,small,219,5,4,True,True,False,True,existing_artifact,0.0
0d8b7b57a7b33021,False,task_only_existing,400,5,0,True,True,False,True,existing_artifact,0.0
1856d77efc6efe18,True,small,192,5,4,True,True,False,True,existing_artifact,0.0
1ae329374a16eea2,True,small,157,5,4,True,True,False,True,existing_artifact,0.0
1ebe843e50d22cae,False,task_only_existing,498,5,0,True,True,False,True,existing_artifact,0.0
1ee8ca99599aefe2,False,task_only_existing,300,6,0,True,False,False,True,existing_artifact,0.0
1f0d367470ebb847,True,large,585,5,4,False,False,False,False,budget_stratified_shared,1.2122
24d1bd748741e969,True,medium,309,5,4,False,False,False,False,budget_stratified_shared,0.6403
5828b6339183116b,True,small,196,5,4,False,False,False,False,budget_stratified_shared,0.4061
5f579da48d431ff2,True,large,836,5,4,False,False,False,False,budget_stratified_shared,1.7323
63ffcaa5886716c2,True,medium,398,5,4,False,False,False,False,budget_stratified_shared,0.8247
658faead8d2055aa,True,large,587,5,4,False,False,False,False,budget_stratified_shared,1.2163
7f6ed2b0e06b26a0,True,small,204,5,3,False,False,False,False,budget_stratified_shared,0.4227
83793c9b8130b26c,True,medium,395,5,4,False,False,False,False,budget_stratified_shared,0.8185
88c539d2d19bbe53,True,small,218,5,4,False,False,False,False,budget_stratified_shared,0.4517
893a573e50a0f0ec,True,medium,297,5,4,False,False,False,False,budget_stratified_shared,0.6154
8b4e980619ddd48a,True,large,526,5,4,False,False,False,False,budget_stratified_shared,1.0899
a27672d659d4031b,True,medium,329,5,4,False,False,False,False,budget_stratified_shared,0.6817
a5b600aa7bd8bc1f,True,small,218,5,4,False,False,False,False,budget_stratified_shared,0.4517
b783c42e93add9bc,True,large,1642,5,4,False,False,False,False,budget_stratified_shared,3.4024
c4a391b61aa6fa91,True,small,261,5,4,False,False,False,False,budget_stratified_shared,0.5408
d3fa1ef5e2ffc10b,True,small,152,5,4,False,False,False,False,budget_stratified_shared,0.315
e2eaf1730107dd91,True,medium,290,5,4,False,False,False,False,budget_stratified_shared,0.6009
e6c587b3d8b4b0f8,True,medium,324,5,4,False,False,False,False,budget_stratified_shared,0.6714
ef8ee769eeaaf621,True,large,574,5,4,False,False,False,False,budget_stratified_shared,1.1894
f186cd415885b43b,True,small,190,7,4,False,False,False,False,budget_stratified_shared,0.3937
